{
  "Use Non-ASCII Font" : false,
  "Tags" : [

  ],
  "Ansi 12 Color" : {
    "Green Component" : 0.85316574331107853,
    "Blue Component" : 1,
    "Red Component" : 0.37147584009247303
  },
  "Ansi 7 Color" : {
    "Green Component" : 0.77491128444671631,
    "Blue Component" : 0.66524624824523926,
    "Red Component" : 0.89928692579269409
  },
  "Ansi 8 Color" : {
    "Green Component" : 0.3722507655620575,
    "Blue Component" : 0.32979536056518555,
    "Red Component" : 0.40213090181350708
  },
  "Bold Color" : {
    "Green Component" : 0.96674925088882446,
    "Blue Component" : 0.92647796869277954,
    "Red Component" : 0.96554511785507202
  },
  "Ansi 9 Color" : {
    "Green Component" : 0.39348135764844905,
    "Blue Component" : 0.35214215679502892,
    "Red Component" : 1
  },
  "Ansi 4 Color" : {
    "Green Component" : 0.59558641910552979,
    "Blue Component" : 0.72711014747619629,
    "Red Component" : 0.076452888548374176
  },
  "Right Option Key Sends" : 2,
  "Rows" : 25,
  "Default Bookmark" : "No",
  "Cursor Guide Color" : {
    "Red Component" : 0.70213186740875244,
    "Color Space" : "sRGB",
    "Blue Component" : 1,
    "Alpha Component" : 0.25,
    "Green Component" : 0.9268307089805603
  },
  "Non-ASCII Anti Aliased" : true,
  "Use Bright Bold" : true,
  "Ansi 10 Color" : {
    "Green Component" : 0.87853199243545532,
    "Blue Component" : 0.21171550452709198,
    "Red Component" : 0.59467506408691406
  },
  "Icon" : 0,
  "Ambiguous Double Width" : false,
  "Jobs to Ignore" : [
    "rlogin",
    "ssh",
    "slogin",
    "telnet"
  ],
  "Ansi 15 Color" : {
    "Green Component" : 0.96674925088882446,
    "Blue Component" : 0.92647796869277954,
    "Red Component" : 0.96554511785507202
  },
  "Foreground Color" : {
    "Green Component" : 0.77994555234909058,
    "Blue Component" : 0.66080135107040405,
    "Red Component" : 0.89940738677978516
  },
  "Bound Hosts" : [

  ],
  "Working Directory" : "\/Users\/yo",
  "Blinking Cursor" : false,
  "Disable Window Resizing" : true,
  "Sync Title" : false,
  "Prompt Before Closing 2" : false,
  "BM Growl" : true,
  "Command" : "",
  "Description" : "Default",
  "Mouse Reporting" : true,
  "Screen" : -1,
  "Selection Color" : {
    "Red Component" : 0.79823946952819824,
    "Color Space" : "sRGB",
    "Blue Component" : 0.15112485962976052,
    "Alpha Component" : 1,
    "Green Component" : 0.68030219992634677
  },
  "Columns" : 80,
  "Idle Code" : 0,
  "Ansi 13 Color" : {
    "Green Component" : 0.57203325997221155,
    "Blue Component" : 0.41142682190734714,
    "Red Component" : 1
  },
  "Custom Command" : "No",
  "ASCII Anti Aliased" : true,
  "Non Ascii Font" : "FuraCodeNerdFontComplete-Regular 11",
  "Vertical Spacing" : 1,
  "Use Bold Font" : true,
  "Option Key Sends" : 2,
  "Selected Text Color" : {
    "Red Component" : 0,
    "Color Space" : "sRGB",
    "Blue Component" : 0,
    "Alpha Component" : 1,
    "Green Component" : 0
  },
  "Background Color" : {
    "Green Component" : 0.14467915892601013,
    "Blue Component" : 0.12647624313831329,
    "Red Component" : 0.15955506265163422
  },
  "Character Encoding" : 4,
  "Ansi 11 Color" : {
    "Green Component" : 0.83635997772216797,
    "Blue Component" : 0.38154411315917969,
    "Red Component" : 0.87748140096664429
  },
  "Non-ASCII Ligatures" : true,
  "Use Italic Font" : true,
  "Unlimited Scrollback" : false,
  "Keyboard Map" : {
    "0xf702-0x280000" : {
      "Text" : "b",
      "Action" : 10
    },
    "0xf702-0x300000" : {
      "Text" : "b",
      "Action" : 10
    },
    "0xf703-0x240000" : {
      "Text" : "OF",
      "Action" : 10
    },
    "0x7f-0x40000" : {
      "Text" : "0x15",
      "Action" : 11
    },
    "0xf703-0x280000" : {
      "Text" : "f",
      "Action" : 10
    },
    "0x7f-0x100000" : {
      "Text" : "0x17",
      "Action" : 11
    },
    "0xf702-0x240000" : {
      "Text" : "OH",
      "Action" : 10
    },
    "0xf703-0x300000" : {
      "Text" : "f",
      "Action" : 10
    }
  },
  "Window Type" : 0,
  "Background Image Location" : "",
  "Blur" : false,
  "Badge Color" : {
    "Red Component" : 1,
    "Color Space" : "sRGB",
    "Blue Component" : 0,
    "Alpha Component" : 0.5,
    "Green Component" : 0.1491314172744751
  },
  "Scrollback Lines" : 5000,
  "Send Code When Idle" : false,
  "Close Sessions On End" : true,
  "Terminal Type" : "xterm-256color",
  "Visual Bell" : true,
  "Flashing Bell" : false,
  "Silence Bell" : true,
  "Ansi 14 Color" : {
    "Green Component" : 0.9400418660287081,
    "Blue Component" : 0.53423431188476755,
    "Red Component" : 0.51746741913327099
  },
  "ASCII Ligatures" : true,
  "Name" : "x2",
  "Cursor Text Color" : {
    "Green Component" : 0.14467915892601013,
    "Blue Component" : 0.12647624313831329,
    "Red Component" : 0.15955506265163422
  },
  "Shortcut" : "",
  "Cursor Color" : {
    "Green Component" : 0.96674925088882446,
    "Blue Component" : 0.92647796869277954,
    "Red Component" : 0.96554511785507202
  },
  "Transparency" : 0,
  "Guid" : "2E257E52-3A75-4133-B09B-C7922FE78A33",
  "Ansi 2 Color" : {
    "Green Component" : 0.77135968208312988,
    "Blue Component" : 0.29782649874687195,
    "Red Component" : 0.52098661661148071
  },
  "Custom Directory" : "No",
  "Ansi 1 Color" : {
    "Green Component" : 0.25858619809150696,
    "Blue Component" : 0.20405258238315582,
    "Red Component" : 0.78796470165252686
  },
  "Ansi 5 Color" : {
    "Green Component" : 0.38723450899124146,
    "Blue Component" : 0.23795859515666962,
    "Red Component" : 0.81733012199401855
  },
  "Ansi 6 Color" : {
    "Green Component" : 0.58358645439147949,
    "Blue Component" : 0.32257857918739319,
    "Red Component" : 0.31322792172431946
  },
  "Ansi 0 Color" : {
    "Green Component" : 0.078538775444030762,
    "Blue Component" : 0.092175714671611786,
    "Red Component" : 0.068749949336051941
  },
  "Normal Font" : "FuraCodeNerdFontComplete-Regular 18",
  "Link Color" : {
    "Red Component" : 0.5396801855515605,
    "Color Space" : "sRGB",
    "Blue Component" : 0.86080026626586914,
    "Alpha Component" : 1,
    "Green Component" : 0.82300317569553272
  },
  "Horizontal Spacing" : 1,
  "Ansi 3 Color" : {
    "Green Component" : 0.68309617042541504,
    "Blue Component" : 0.18063953518867493,
    "Red Component" : 0.95965498685836792
  }
}
